<?xml version="1.0" encoding="iso-8859-1"?>
<codeFramework xmlns="http://www.3ds.ic" xmlns:xsi="http://www.w3.org/2001/XMLSchema-instance" xsi:schemaLocation="http://www.3ds.ic ICModel.xsd">

	<prerequisite name="System" access="Public" expose = "ExposePrereq" />
	<prerequisite name="SystemTS" access="Public" expose = "ExposePrereq" />
	<prerequisite name="AfrFoundation" access="Public" expose = "ExposePrereq" />
	<prerequisite name="CATMecModUIUseItf" access="Public" expose = "ExposePrereq" />
	<prerequisite name="SpecialAPI" access="Public" expose="ExposePrereq" />
	<prerequisite name="CATPLMIdentificationAccess" access="Public" expose = "ExposePrereq" />
	<prerequisite name="CATPLMComponentInterfaces" access="Public"  expose = "ExposePrereq"/>
	<prerequisite name="ProductStructureInterfaces" access="Public"  expose = "ExposePrereq"/>
	<prerequisite name="CAT3DPhysicalRepInterfaces" access="Public" expose = "ExposePrereq" />
	<prerequisite name="CATMecModUseItf" access="Public" expose = "ExposePrereq" />
	<prerequisite name="DialogEngine" access="Public" expose = "ExposePrereq" />
	<prerequisite name="Dialog" access="Public" expose = "ExposePrereq" />
	<prerequisite name="CATGSMUseItf" access="Public" expose = "ExposePrereq" />
	<prerequisite name="ObjectModelerSystem" access="Public" expose = "ExposePrereq" />
	<prerequisite name="CATMecModLiveUseItf" access="Public" expose = "ExposePrereq" />
	<prerequisite name="KnowledgeInterfaces" access="Public" expose = "ExposePrereq"/>
	<prerequisite name="DataCommonProtocolUse" access="Public" expose = "ExposePrereq" />
	<prerequisite name="VisualizationInterfaces" access="Public" expose = "ExposePrereq" />
	<prerequisite name="Mathematics" access="Public" expose = "ExposePrereq" />
	<prerequisite name="GeometricObjects" access="Public" expose = "ExposePrereq" />
	<prerequisite name="MeasureGeometryInterfaces" access="Public" expose = "ExposePrereq" />
	<prerequisite name="CATMecModExtendItf" access="Public" expose = "ExposePrereq" />
	<prerequisite name="SGManager" access="Public" expose = "ExposePrereq" />
	<prerequisite name="CATGSOUseItf" access="Public" expose = "ExposePrereq" />
	<prerequisite name="FeatureModelerExt" access="Public" expose = "ExposePrereq" />
	<prerequisite name="GMModelInterfaces" access="Public" expose = "ExposePrereq" />
	<prerequisite name="CATRepTemplateUseItf" access="Public"  expose = "ExposePrereq"/>
	<prerequisite name="CATPLMIntegrationAccess" access="Public" expose = "ExposePrereq" />
	<prerequisite name="PLMDictionaryNavServices" access="Public" expose = "ExposePrereq" />
	<prerequisite name="CATPLMIntegrationUse" access="Public" expose = "ExposePrereq" />
	<prerequisite name="ObjectModelerBase" access="Public" expose = "ExposePrereq" />
	<prerequisite name="ProductStructureUseItf" access="Public" expose = "ExposePrereq" />
	<prerequisite name="DraftingUseItf" access="Public" expose = "ExposePrereq" />
	<prerequisite name="CATAnnotationUseItf" access="Public" expose = "ExposePrereq" />
	<prerequisite name="CATSketcherUseItf" access="Public" expose = "ExposePrereq" />
	<prerequisite name="CATDraftingGenUseItf" access="Public"  expose = "ExposePrereq"/>
	<prerequisite name="DraftingIDLItf" access="Public" expose = "ExposePrereq" />
	<prerequisite name="PrintBase" access="Public" expose = "ExposePrereq" />
	<prerequisite name="AfrInterfaces" access="Public" expose = "ExposePrereq" />
	<prerequisite name="VisualizationController" access="Public"  expose = "ExposePrereq"/>
	<prerequisite name="Print" access="Public"  expose = "ExposePrereq"/>
	<prerequisite name="VPMEditorInterfaces" access="Public" expose = "ExposePrereq" />
	<prerequisite name="InfInterfaces" access="Public"  expose = "ExposePrereq"/>
	<prerequisite name="PLMModelerBaseInterfaces" access="Public"  expose = "ExposePrereq"/>
	<prerequisite name="SMAMpaFoundationItf" access="Public"  expose = "ExposePrereq"/>
	<prerequisite name="CATFmtToolsInterfaces" access="Public"  expose = "ExposePrereq"/>
	<prerequisite name="CATFmtModelInterfaces" access="Public" expose = "ExposePrereq" />
	<prerequisite name="CATPLMUpdateUseItf" access="Public" expose = "ExposePrereq" />
	<prerequisite name="CATSimPLMAppModelerItf" access="Public" expose = "ExposePrereq" />
	<prerequisite name="CATSimRepInterfaces" access="Public" expose = "ExposePrereq" />
	<prerequisite name="CATWeightEquivalentUseItf" access="Public" expose = "ExposePrereq" />
	<prerequisite name="GMOperatorsInterfaces" access="Public" expose = "ExposePrereq" />
	<prerequisite name="CATMathStream" access="Public" expose = "ExposePrereq" />
	<prerequisite name="CATOpnsInertiaIDLItf" access="Public" expose = "ExposePrereq" />
	<prerequisite name="ObjectModelerNavigator" access="Public" expose = "ExposePrereq" />
	<prerequisite name="SGInfra" access="Public" expose = "ExposePrereq" />
	<prerequisite name="CATGraphicProperties" access="Public" expose = "ExposePrereq" />
	<prerequisite name="VisualizationCore" access="Public" expose = "ExposePrereq" />
	<prerequisite name="VisualizationFoundation" access="Public" expose = "ExposePrereq" />
	<prerequisite name="MultimediaPixelImage" access="Public" expose = "ExposePrereq" />
	<prerequisite name="CATOBMInterfaces" access="Public" expose = "ExposePrereq" />
	<prerequisite name="CATPLMUIInterfaces" access="Public" expose = "ExposePrereq" />
	<prerequisite name="CATSkt2DGeomIntegUseItf" access="Public" expose = "ExposePrereq" />
	<prerequisite name="CATTPSUseItf" access="Public" expose = "ExposePrereq" />
	<prerequisite name="CATTPSBaseUseItf" access="Public" expose = "ExposePrereq" />
	<prerequisite name="Drafting2DLUseItf" access="Public" expose = "ExposePrereq" />
	<prerequisite name="CATIAApplicationFrame" access="Public" expose = "ExposePrereq" />
	<prerequisite name="PLMLibraryInterfaces" access="Public" expose = "ExposePrereq" />
	<prerequisite name="CAACloudQsrItf" access="Public" expose = "ExposePrereq" />
	<prerequisite name="CATPartConstraintUseItf" access="Public" expose = "ExposePrereq" />
	<prerequisite name="CATSketcherIDLItf" access="Public" expose = "ExposePrereq" />
	<prerequisite name="AfrStandard" access="Public" expose = "ExposePrereq" />


</codeFramework>

